{"stats":{"minecraft:picked_up":{"quark:diamond_heart":2,"iceandfire:dragon_skull_lightning":1,"minecraft:fishing_rod":1,"minecraft:iron_chestplate":1,"minecraft:crafting_table":4,"minecraft:wheat":7,"minecraft:chicken":5,"iceandfire:troll_weapon_hammer":1,"minecraft:creeper_head":1,"minecraft:chest_minecart":3,"iceandfire:fire_lily":1,"minecraft:brown_mushroom":4,"iceandfire:armor_copper_metal_chestplate":1,"minecraft:gold_block":1,"minecraft:wither_rose":4,"minecraft:infested_cobblestone":31,"minecraft:potion":1,"minecraft:chain":7,"minecraft:golden_sword":3,"iceandfire:manuscript":36,"minecraft:string":13,"minecraft:raw_copper":84,"minecraft:iron_leggings":1,"additionaladditions:chicken_nugget":1,"iceandfire:graveyard_soil":4,"minecraft:activator_rail":5,"minecraft:detector_rail":3,"minecraft:tnt_minecart":2,"minecraft:gold_nugget":628,"minecraft:cobbled_deepslate":8,"minecraft:beef":25,"additionaladditions:rose_gold_upgrade":2,"minecraft:iron_boots":1,"minecraft:jungle_sapling":3,"minecraft:iron_pickaxe":2,"minecraft:furnace":15,"biomesoplenty:wildflower":4,"minecraft:chest":18,"minecraft:coal_block":3,"minecraft:sugar_cane":16,"iceandfire:dragonscales_electric":28,"farmersdelight:cabbage_seeds":2,"minecraft:egg":4,"minecraft:raw_iron":66,"minecraft:stick":10,"iceandfire:dragonbone":7,"iceandfire:ghost_chest":4,"iceandfire:troll_tusk":2,"iceandfire:crackled_dirt":5,"minecraft:copper_ingot":11,"minecraft:torch":99,"minecraft:acacia_log":1,"minecraft:fire_charge":1,"minecraft:porkchop":7,"farmersdelight:tomato_seeds":12,"iceandfire:crackled_gravel":26,"minecraft:diorite":14,"minecraft:carrot":4,"minecraft:redstone":28,"minecraft:cauldron":1,"minecraft:tnt":3,"iceandfire:silver_ingot":2,"iceandfire:pixie_jar_0":2,"minecraft:arrow":31,"minecraft:rotten_flesh":45,"additionaladditions:glow_stick":38,"minecraft:beetroot_seeds":7,"minecraft:music_disc_ward":1,"farmersdelight:rope":49,"minecraft:gold_ingot":15,"sophisticatedbackpacks:copper_backpack":1,"minecraft:obsidian":11,"minecraft:mutton":11,"minecraft:rail":49,"minecraft:skeleton_skull":2,"minecraft:white_wool":7,"minecraft:cobblestone":44,"iceandfire:pixie_jar_4":2,"minecraft:feather":4,"minecraft:jungle_log":6,"minecraft:andesite":1,"minecraft:salmon":11,"minecraft:leather":12,"minecraft:red_mushroom":4,"minecraft:flint":5,"minecraft:oak_log":25,"iceandfire:ectoplasm":12,"iceandfire:pixie_jar_2":2,"iceandfire:pixie_jar_1":2,"iceandfire:pixie_jar_3":2,"minecraft:gunpowder":6,"minecraft:lapis_lazuli":84,"minecraft:dirt":13,"minecraft:name_tag":1,"minecraft:glass":16,"minecraft:bone":83,"additionaladditions:gilded_netherite_upgrade":1,"iceandfire:pixie_jar_empty":5,"minecraft:bow":3,"minecraft:wheat_seeds":9,"additionaladditions:rope":38,"minecraft:raw_gold":43,"minecraft:iron_ingot":38,"minecraft:cobweb":13,"minecraft:mossy_stone_bricks":1,"minecraft:glowstone_dust":3,"minecraft:bamboo":2,"minecraft:powered_rail":1,"iceandfire:copper_nugget":428,"minecraft:gravel":11,"minecraft:sand":82,"minecraft:white_bed":5,"minecraft:grass_block":1,"iceandfire:lightning_dragon_heart":1,"minecraft:crying_obsidian":1,"minecraft:spider_eye":5,"minecraft:barrel":2,"minecraft:mossy_cobblestone":1,"minecraft:leather_helmet":1,"minecraft:pumpkin_seeds":11,"minecraft:diamond":6,"minecraft:stone_axe":1,"iceandfire:crackled_stone":3,"minecraft:iron_helmet":1,"iceandfire:troll_weapon_axe":1,"minecraft:golden_apple":2,"minecraft:emerald":2,"minecraft:bread":7,"iceandfire:troll_leather_forest":6,"minecraft:netherrack":1,"minecraft:oak_sapling":15,"minecraft:melon_seeds":6,"minecraft:coal":136,"iceandfire:raw_silver":17,"minecraft:diamond_pickaxe":1,"quark:crimson_chest":1},"minecraft:dropped":{"minecraft:brown_mushroom":4,"minecraft:wheat_seeds":9,"minecraft:glass_bottle":2,"minecraft:leather_helmet":1,"iceandfire:graveyard_soil":3,"minecraft:red_mushroom":4,"minecraft:iron_leggings":1,"minecraft:chain":3,"minecraft:redstone":2,"minecraft:stone_axe":1,"farmersdelight:cabbage_seeds":2,"minecraft:iron_boots":1,"minecraft:diamond_pickaxe":1,"minecraft:iron_chestplate":1,"biomesoplenty:wildflower":4,"minecraft:bow":2},"minecraft:broken":{"minecraft:iron_axe":2,"minecraft:iron_sword":1,"minecraft:iron_pickaxe":1,"minecraft:iron_helmet":1},"minecraft:killed":{"minecraft:cave_spider":1,"minecraft:witch":5,"minecraft:spider":13,"quark:toretoise":4,"creeperoverhaul:bamboo_creeper":1,"quark:forgotten":1,"minecraft:skeleton":27,"minecraft:chicken":4,"minecraft:drowned":2,"iceandfire:myrmex_worker":1,"minecraft:pig":4,"quark:stoneling":2,"minecraft:zombie_villager":1,"minecraft:salmon":2,"iceandfire:troll":3,"minecraft:creeper":3,"minecraft:sheep":7,"minecraft:zombie":38,"iceandfire:ghost":61,"iceandfire:lightning_dragon":1,"creeperoverhaul:savannah_creeper":2,"minecraft:enderman":1,"minecraft:cow":13},"minecraft:used":{"minecraft:iron_shovel":116,"minecraft:chest":2,"minecraft:spruce_planks":1,"minecraft:shield":11,"minecraft:stone":6,"minecraft:iron_sword":295,"minecraft:rotten_flesh":2,"minecraft:torch":196,"minecraft:jungle_planks":15,"additionaladditions:chicken_nugget":1,"minecraft:jungle_sapling":3,"minecraft:iron_axe":291,"iceandfire:ghost_chest":2,"minecraft:bow":94,"minecraft:furnace":6,"minecraft:cooked_beef":49,"iceandfire:pixie_jar_empty":5,"iceandfire:troll_weapon_hammer":27,"minecraft:cooked_mutton":36,"minecraft:oak_planks":7,"iceandfire:troll_weapon_axe":48,"minecraft:crafting_table":9,"minecraft:white_bed":5,"iceandfire:silver_axe":90,"minecraft:diamond_pickaxe":74,"minecraft:bread":1,"minecraft:iron_pickaxe":354,"minecraft:gravel":2,"minecraft:stone_axe":40,"minecraft:cobblestone":82},"minecraft:killed_by":{"iceandfire:lightning_dragon":7},"minecraft:mined":{"minecraft:crying_obsidian":1,"minecraft:white_bed":5,"iceandfire:graveyard_soil":1,"iceandfire:silver_ore":16,"minecraft:mossy_cobblestone":1,"minecraft:deepslate_diamond_ore":4,"iceandfire:copper_pile":38,"farmersdelight:wild_carrots":2,"biomesoplenty:desert_grass":5,"minecraft:dark_oak_log":1,"minecraft:obsidian":10,"iceandfire:crackled_gravel":3,"minecraft:grass_block":1,"minecraft:jungle_log":6,"iceandfire:deepslate_silver_ore":2,"minecraft:large_fern":1,"minecraft:redstone_ore":4,"minecraft:furnace":11,"minecraft:iron_ore":39,"minecraft:barrel":2,"minecraft:andesite":1,"minecraft:deepslate_lapis_ore":7,"iceandfire:crackled_dirt":5,"minecraft:gold_block":1,"iceandfire:gold_pile":60,"biomesoplenty:high_grass":4,"minecraft:vine":6,"minecraft:water_cauldron":1,"minecraft:deepslate_iron_ore":27,"minecraft:stone":28,"iceandfire:pixie_jar_empty":5,"minecraft:crafting_table":4,"minecraft:emerald_ore":2,"iceandfire:ghost_chest":4,"minecraft:chest":18,"iceandfire:fire_lily":1,"biomesoplenty:high_grass_plant":9,"minecraft:copper_ore":20,"minecraft:tall_grass":7,"minecraft:cobblestone":16,"minecraft:deepslate_gold_ore":1,"minecraft:lapis_ore":4,"minecraft:sugar_cane":4,"minecraft:diorite":14,"minecraft:wall_torch":2,"minecraft:deepslate_copper_ore":3,"minecraft:skeleton_skull":2,"minecraft:powered_rail":1,"iceandfire:crackled_stone":3,"minecraft:birch_leaves":2,"minecraft:wither_rose":4,"minecraft:grass":39,"minecraft:coal_ore":53,"minecraft:oak_log":21,"minecraft:gravel":14,"minecraft:sand":85,"minecraft:dirt":13,"quark:crimson_chest":1,"minecraft:netherrack":1,"minecraft:gold_ore":27,"minecraft:mossy_stone_bricks":1,"minecraft:deepslate":4,"minecraft:fern":1},"minecraft:crafted":{"iceandfire:armor_electric_chestplate":1,"minecraft:oak_planks":172,"minecraft:cooked_chicken":4,"sophisticatedbackpacks:stack_upgrade_tier_1":1,"iceandfire:armor_electric_boots":1,"sophisticatedbackpacks:stack_upgrade_starter_tier":1,"iceandfire:armor_electric_leggings":1,"minecraft:cooked_mutton":11,"minecraft:flint_and_steel":1,"minecraft:glass":73,"minecraft:iron_boots":1,"minecraft:iron_axe":1,"sophisticatedbackpacks:stack_upgrade_tier_2":1,"minecraft:copper_block":11,"minecraft:redstone_block":2,"iceandfire:armor_electric_helmet":1,"sophisticatedbackpacks:iron_backpack":1,"iceandfire:silver_axe":1,"minecraft:cooked_beef":20,"minecraft:coal_block":8,"minecraft:glass_bottle":3,"minecraft:arrow":16,"iceandfire:silver_ingot":10,"minecraft:cooked_porkchop":7,"minecraft:crafting_table":5,"minecraft:iron_sword":1,"minecraft:cooked_salmon":11,"minecraft:copper_ingot":93,"iceandfire:pixie_jar_empty":10,"sophisticatedbackpacks:gold_backpack":1,"minecraft:gold_block":12,"minecraft:bucket":5,"sophisticatedbackpacks:upgrade_base":1,"minecraft:air":0,"minecraft:jungle_planks":24,"iceandfire:bestiary":1,"minecraft:diamond_pickaxe":1,"minecraft:emerald_block":1,"minecraft:stick":140,"minecraft:iron_ingot":53,"minecraft:iron_block":9,"minecraft:gold_ingot":28,"minecraft:white_bed":1,"minecraft:acacia_planks":4,"minecraft:torch":256,"minecraft:lapis_block":8},"minecraft:custom":{"minecraft:mob_kills":210,"minecraft:interact_with_crafting_table":56,"minecraft:open_barrel":2,"minecraft:damage_dealt_resisted":390,"minecraft:leave_game":4,"minecraft:time_since_death":35620,"minecraft:climb_one_cm":15472,"minecraft:sprint_one_cm":844647,"minecraft:damage_blocked_by_shield":350,"minecraft:walk_one_cm":541300,"minecraft:drop":20,"minecraft:damage_dealt_absorbed":136,"minecraft:play_time":249038,"minecraft:sneak_time":7543,"minecraft:deaths":9,"minecraft:walk_under_water_one_cm":93044,"minecraft:jump":3877,"minecraft:walk_on_water_one_cm":45318,"minecraft:total_world_time":249038,"minecraft:interact_with_furnace":122,"minecraft:sleep_in_bed":10,"minecraft:time_since_rest":90,"minecraft:damage_taken":8675,"minecraft:trigger_trapped_chest":59,"minecraft:damage_dealt":48179,"minecraft:swim_one_cm":235078,"minecraft:fly_one_cm":715428,"minecraft:open_chest":25,"minecraft:crouch_one_cm":27455,"minecraft:fall_one_cm":140528}},"DataVersion":3465}