{"stats":{"minecraft:crafted":{"minecraft:oak_planks":20,"minecraft:stone_shovel":1,"minecraft:spyglass":1,"minecraft:furnace":4,"minecraft:cooked_mutton":6,"minecraft:flint_and_steel":1,"quark:acacia_chest":1,"minecraft:bow":1,"iceandfire:dragonbone_sword_lightning":1,"minecraft:stone_pickaxe":7,"iceandfire:dragonbone_arrow":30,"minecraft:dark_oak_planks":88,"minecraft:cooked_beef":5,"iceandfire:dragonbone_sword":1,"minecraft:arrow":192,"minecraft:emerald":12,"sophisticatedbackpacks:backpack":1,"minecraft:cooked_porkchop":3,"minecraft:crafting_table":7,"minecraft:spruce_planks":140,"minecraft:wooden_pickaxe":1,"iceandfire:wither_shard":6,"minecraft:bucket":1,"iceandfire:armor_copper_leggings":1,"minecraft:stone_axe":1,"minecraft:air":0,"iceandfire:dragonbone_bow":1,"iceandfire:armor_copper_chestplate":1,"minecraft:shield":1,"minecraft:stick":416,"minecraft:iron_ingot":12,"minecraft:iron_pickaxe":4,"minecraft:stone_sword":1,"minecraft:white_bed":1,"minecraft:acacia_planks":32,"minecraft:torch":16,"iceandfire:armor_copper_helmet":1},"minecraft:used":{"minecraft:stone_sword":95,"minecraft:flint_and_steel":41,"minecraft:stone_shovel":1,"minecraft:shield":18,"minecraft:cooked_chicken":8,"minecraft:orange_bed":11,"minecraft:torch":6,"minecraft:spyglass":3,"minecraft:dirt":5,"minecraft:mutton":7,"minecraft:dark_oak_planks":2,"minecraft:bow":37,"minecraft:furnace":5,"minecraft:egg":1,"minecraft:cooked_beef":4,"minecraft:cobbled_deepslate":29,"minecraft:acacia_planks":13,"minecraft:cooked_mutton":2,"minecraft:stone_pickaxe":850,"minecraft:wooden_pickaxe":34,"iceandfire:dragon_skull_lightning":1,"minecraft:crafting_table":14,"minecraft:white_bed":7,"iceandfire:dragonbone_sword_lightning":98,"iceandfire:dragonbone_sword":28,"iceandfire:dragonbone_bow":4,"minecraft:chicken":5,"minecraft:iron_pickaxe":770,"minecraft:stone_axe":132,"minecraft:cobblestone":10,"minecraft:porkchop":6,"minecraft:cooked_porkchop":10,"minecraft:bucket":2},"minecraft:dropped":{"minecraft:wheat_seeds":12,"minecraft:cooked_beef":1,"minecraft:dark_oak_sapling":4,"minecraft:cobblestone":8,"iceandfire:dragonscales_copper":3,"iceandfire:lightning_dragon_flesh":3,"minecraft:coal":1,"minecraft:stick":5,"minecraft:cobweb":1,"minecraft:dirt":9,"minecraft:diorite":3,"minecraft:rose_bush":2,"minecraft:acacia_planks":1,"minecraft:spruce_sapling":8,"minecraft:dandelion":1,"iceandfire:lightning_dragon_heart":1,"minecraft:stone_sword":1,"minecraft:cobbled_deepslate":241,"quark:red_corundum_cluster":3,"minecraft:rotten_flesh":4,"minecraft:peony":2,"minecraft:spruce_planks":2,"minecraft:acacia_sapling":8,"minecraft:spider_eye":2,"minecraft:bow":2,"minecraft:stone_pickaxe":1,"iceandfire:dragon_skull_lightning":1},"minecraft:picked_up":{"iceandfire:dragon_skull_lightning":4,"minecraft:crafting_table":8,"iceandfire:witherbone":5,"minecraft:chicken":7,"minecraft:enchanted_book":1,"iceandfire:manuscript":4,"minecraft:string":16,"minecraft:cobbled_deepslate":537,"minecraft:gold_nugget":15,"minecraft:beef":5,"minecraft:rose_bush":2,"minecraft:furnace":3,"minecraft:egg":1,"minecraft:dark_oak_sapling":4,"minecraft:stick":11,"minecraft:raw_iron":12,"iceandfire:dragonbone":28,"iceandfire:ghost_chest":2,"minecraft:acacia_log":8,"minecraft:porkchop":16,"iceandfire:lightning_dragon_flesh":3,"minecraft:diorite":3,"minecraft:redstone":13,"minecraft:dark_oak_planks":2,"minecraft:orange_bed":11,"iceandfire:silver_ingot":1,"minecraft:stone_sword":1,"minecraft:arrow":8,"minecraft:rotten_flesh":4,"minecraft:peony":2,"minecraft:mutton":13,"minecraft:white_wool":7,"minecraft:cobblestone":65,"minecraft:feather":11,"minecraft:cooked_beef":5,"minecraft:leather":5,"minecraft:flint":1,"minecraft:oak_log":12,"iceandfire:ectoplasm":4,"minecraft:yellow_bed":1,"minecraft:lapis_lazuli":62,"minecraft:dirt":14,"minecraft:bone":10,"minecraft:acacia_planks":2,"minecraft:bow":2,"minecraft:wheat_seeds":13,"minecraft:raw_gold":5,"minecraft:stone_pickaxe":1,"minecraft:iron_ingot":12,"minecraft:cooked_chicken":8,"minecraft:cobweb":2,"minecraft:glass_bottle":1,"minecraft:acacia_sapling":8,"quark:red_corundum_cluster":3,"minecraft:cooked_porkchop":7,"minecraft:dandelion":1,"minecraft:spruce_sapling":8,"minecraft:white_bed":8,"minecraft:spruce_log":35,"iceandfire:lightning_dragon_heart":1,"minecraft:spider_eye":2,"quark:red_corundum":1,"minecraft:dark_oak_log":22,"iceandfire:dragonscales_copper":24,"minecraft:diamond":2,"minecraft:emerald":1,"minecraft:oak_sapling":1,"minecraft:black_wool":1,"minecraft:coal":35,"iceandfire:raw_silver":10},"minecraft:mined":{"minecraft:dark_oak_planks":2,"quark:red_corundum":1,"minecraft:tuff":123,"minecraft:white_bed":8,"iceandfire:silver_ore":8,"minecraft:deepslate_diamond_ore":2,"farmersdelight:wild_carrots":1,"biomesoplenty:desert_grass":4,"minecraft:dark_oak_log":23,"minecraft:acacia_log":8,"minecraft:grass_block":7,"iceandfire:deepslate_silver_ore":2,"minecraft:furnace":3,"minecraft:iron_ore":3,"minecraft:fire":11,"minecraft:moss_carpet":1,"minecraft:deepslate_lapis_ore":8,"minecraft:peony":3,"minecraft:deepslate_iron_ore":9,"minecraft:vine":2,"minecraft:stone":67,"quark:red_corundum_cluster":1,"minecraft:orange_bed":11,"minecraft:deepslate_redstone_ore":3,"biomesoplenty:wildflower":1,"minecraft:dandelion":1,"minecraft:crafting_table":9,"minecraft:poppy":1,"iceandfire:ghost_chest":2,"minecraft:rose_bush":1,"minecraft:tall_grass":1,"minecraft:lapis_ore":2,"minecraft:deepslate_gold_ore":5,"minecraft:diorite":1,"minecraft:spruce_log":36,"minecraft:yellow_bed":1,"minecraft:wither_rose":1,"minecraft:grass":85,"minecraft:oak_log":12,"minecraft:coal_ore":34,"minecraft:gravel":48,"minecraft:dirt":6,"minecraft:cobweb":16,"minecraft:acacia_planks":1,"minecraft:oak_leaves":13,"minecraft:deepslate":1317},"minecraft:killed":{"minecraft:witch":1,"minecraft:spider":3,"quark:toretoise":1,"minecraft:skeleton":7,"minecraft:chicken":7,"minecraft:pig":10,"minecraft:salmon":1,"minecraft:iron_golem":1,"minecraft:creeper":1,"iceandfire:cockatrice":4,"minecraft:sheep":8,"minecraft:zombie":8,"iceandfire:ghost":1,"iceandfire:lightning_dragon":1,"minecraft:cow":3},"minecraft:broken":{"minecraft:stone_pickaxe":6,"minecraft:stone_axe":1,"minecraft:iron_pickaxe":3},"minecraft:killed_by":{"iceandfire:lightning_dragon":4,"minecraft:zombie":1,"iceandfire:cockatrice":4},"minecraft:custom":{"minecraft:mob_kills":66,"minecraft:interact_with_crafting_table":44,"minecraft:leave_game":4,"minecraft:time_since_death":1738,"minecraft:climb_one_cm":3258,"minecraft:sprint_one_cm":582515,"minecraft:walk_one_cm":500311,"minecraft:damage_blocked_by_shield":100,"minecraft:drop":81,"minecraft:talked_to_villager":10,"minecraft:play_time":256706,"minecraft:sneak_time":4935,"minecraft:deaths":10,"minecraft:walk_under_water_one_cm":36979,"minecraft:jump":3247,"minecraft:walk_on_water_one_cm":44530,"minecraft:total_world_time":256706,"minecraft:interact_with_furnace":22,"minecraft:traded_with_villager":24,"minecraft:sleep_in_bed":16,"minecraft:time_since_rest":2145,"minecraft:damage_taken":3709,"minecraft:trigger_trapped_chest":1,"minecraft:damage_dealt":8068,"minecraft:swim_one_cm":76228,"minecraft:fly_one_cm":644331,"minecraft:open_chest":7,"minecraft:crouch_one_cm":14580,"minecraft:fall_one_cm":82102}},"DataVersion":3465}