{"stats":{"minecraft:broken":{"minecraft:iron_pickaxe":1},"minecraft:picked_up":{"minecraft:fishing_rod":1,"minecraft:seagrass":4,"minecraft:iron_chestplate":1,"minecraft:crafting_table":6,"minecraft:allium":1,"minecraft:wheat":25,"minecraft:suspicious_stew":1,"minecraft:chicken":6,"minecraft:prismarine_shard":2,"iceandfire:fire_lily":2,"iceandfire:manuscript":8,"minecraft:string":57,"minecraft:raw_copper":66,"minecraft:armor_stand":2,"additionaladditions:chicken_nugget":1,"iceandfire:bestiary":1,"minecraft:cracked_stone_bricks":2,"quark:spruce_chest":2,"minecraft:gold_nugget":384,"minecraft:cobbled_deepslate":1,"minecraft:spruce_planks":1,"minecraft:beef":16,"additionaladditions:rose_gold_upgrade":1,"minecraft:iron_nugget":17,"minecraft:spruce_slab":1,"minecraft:lectern":1,"minecraft:chest":15,"minecraft:sugar_cane":6,"farmersdelight:cabbage_seeds":1,"minecraft:furnace":4,"minecraft:egg":2,"minecraft:raw_iron":32,"minecraft:stick":25,"minecraft:sandstone":14,"minecraft:oak_fence":1,"minecraft:torch":2,"minecraft:acacia_log":12,"minecraft:spruce_stairs":2,"minecraft:porkchop":3,"iceandfire:cyclops_eye":1,"minecraft:arrow":7,"minecraft:rotten_flesh":8,"minecraft:jungle_stairs":2,"farmersdelight:onion":3,"minecraft:shears":2,"farmersdelight:rope":7,"minecraft:mutton":42,"minecraft:bone_block":21,"minecraft:cobblestone":95,"minecraft:snowball":1,"minecraft:white_wool":53,"minecraft:leather_chestplate":1,"minecraft:feather":7,"farmersdelight:rice":5,"minecraft:jungle_log":2,"minecraft:leather":12,"biomesoplenty:fir_sapling":2,"biomesoplenty:fir_log":22,"minecraft:filled_map":3,"minecraft:oak_log":23,"minecraft:gunpowder":2,"minecraft:lapis_lazuli":3,"minecraft:dirt":13,"minecraft:paper":17,"minecraft:polished_granite":2,"minecraft:cooked_mutton":2,"farmersdelight:organic_compost":5,"minecraft:coast_armor_trim_smithing_template":4,"minecraft:bone":7,"minecraft:stone_bricks":3,"minecraft:wheat_seeds":4,"minecraft:iron_ingot":10,"minecraft:cobweb":10,"minecraft:mossy_stone_bricks":4,"minecraft:acacia_sapling":12,"minecraft:book":19,"minecraft:pumpkin":32,"minecraft:sweet_berries":20,"minecraft:chiseled_stone_bricks":2,"minecraft:spyglass":1,"minecraft:gravel":1,"minecraft:jungle_planks":1,"minecraft:sand":25,"minecraft:spruce_sapling":3,"sophisticatedbackpacks:iron_backpack":1,"minecraft:blast_furnace":1,"minecraft:white_bed":2,"iceandfire:podium_dark_oak":1,"minecraft:spider_eye":1,"minecraft:mossy_cobblestone":1,"quark:jasper":4,"iceandfire:lectern":1,"minecraft:diamond":1,"minecraft:stone_axe":1,"minecraft:iron_helmet":1,"minecraft:gray_wool":1,"minecraft:bread":1,"minecraft:emerald":11,"iceandfire:gorgon_head":1,"minecraft:jack_o_lantern":1,"minecraft:oak_sapling":13,"minecraft:black_wool":1,"minecraft:coal":79,"iceandfire:raw_silver":2},"minecraft:killed_by":{"iceandfire:cyclops":3},"minecraft:killed":{"minecraft:cave_spider":6,"creeperoverhaul:beach_creeper":1,"iceandfire:gorgon":1,"minecraft:spider":2,"minecraft:skeleton":6,"minecraft:chicken":6,"minecraft:llama":2,"minecraft:pig":1,"iceandfire:cyclops":1,"minecraft:sheep":19,"minecraft:zombie":8,"minecraft:cow":8},"minecraft:mined":{"minecraft:spruce_planks":1,"minecraft:white_bed":2,"iceandfire:silver_ore":2,"minecraft:mossy_cobblestone":2,"iceandfire:podium_dark_oak":1,"minecraft:jack_o_lantern":1,"minecraft:acacia_log":12,"minecraft:allium":1,"minecraft:jungle_planks":1,"minecraft:jungle_log":4,"iceandfire:lectern":1,"minecraft:spruce_leaves":1,"minecraft:sandstone":13,"quark:jasper":4,"minecraft:chiseled_stone_bricks":1,"minecraft:spawner":1,"minecraft:furnace":4,"minecraft:iron_ore":32,"minecraft:pumpkin":32,"minecraft:bookshelf":6,"iceandfire:gold_pile":40,"minecraft:vine":1,"minecraft:oak_stairs":1,"minecraft:stone":82,"minecraft:bone_block":21,"minecraft:white_wool":3,"minecraft:spruce_slab":1,"farmersdelight:organic_compost":5,"minecraft:polished_granite":2,"minecraft:oak_fence":1,"minecraft:crafting_table":6,"minecraft:jungle_stairs":2,"minecraft:blast_furnace":1,"minecraft:chest":15,"minecraft:lectern":1,"iceandfire:fire_lily":2,"minecraft:copper_ore":19,"minecraft:cobblestone":15,"minecraft:oak_planks":3,"minecraft:sugar_cane":2,"minecraft:wall_torch":1,"minecraft:spruce_stairs":2,"minecraft:birch_planks":2,"minecraft:sweet_berry_bush":6,"biomesoplenty:fir_log":36,"minecraft:mangrove_leaves":2,"minecraft:grass":14,"minecraft:coal_ore":66,"minecraft:oak_log":23,"quark:spruce_chest":2,"minecraft:gravel":2,"minecraft:sand":23,"minecraft:cobweb":25,"minecraft:cracked_stone_bricks":2,"minecraft:stone_bricks":3,"minecraft:mossy_stone_bricks":4,"minecraft:deepslate":1,"minecraft:fern":5},"minecraft:crafted":{"minecraft:oak_door":3,"minecraft:oak_planks":92,"minecraft:stone_shovel":1,"minecraft:cooked_chicken":4,"minecraft:furnace":2,"minecraft:cooked_mutton":26,"minecraft:bow":1,"minecraft:iron_axe":1,"minecraft:stone_pickaxe":1,"sophisticatedbackpacks:iron_backpack":1,"sophisticatedbackpacks:backpack":1,"minecraft:cooked_porkchop":3,"minecraft:crafting_table":5,"iceandfire:blindfold":1,"minecraft:wooden_pickaxe":1,"minecraft:iron_sword":1,"sophisticatedbackpacks:gold_backpack":1,"minecraft:stone_axe":1,"minecraft:air":0,"minecraft:jungle_planks":8,"minecraft:iron_chestplate":1,"minecraft:shield":1,"minecraft:stick":120,"quark:oak_chest":1,"minecraft:iron_ingot":32,"minecraft:iron_pickaxe":2,"minecraft:wooden_axe":1,"minecraft:gold_ingot":43,"minecraft:iron_leggings":1,"minecraft:white_bed":2,"minecraft:acacia_planks":48,"minecraft:torch":56},"minecraft:used":{"minecraft:oak_fence":1,"minecraft:jack_o_lantern":1,"minecraft:stone_shovel":17,"minecraft:shield":5,"minecraft:iron_sword":140,"minecraft:cooked_chicken":4,"minecraft:oak_door":3,"minecraft:torch":25,"minecraft:mutton":2,"minecraft:spruce_stairs":1,"minecraft:allium":1,"additionaladditions:chicken_nugget":1,"minecraft:snowball":1,"minecraft:wooden_axe":27,"biomesoplenty:fir_sapling":1,"minecraft:iron_axe":206,"iceandfire:blindfold":1,"minecraft:stone_bricks":3,"minecraft:bow":3,"minecraft:beef":1,"minecraft:furnace":4,"minecraft:egg":2,"minecraft:cooked_mutton":14,"minecraft:mossy_stone_bricks":4,"minecraft:stone_pickaxe":94,"minecraft:wooden_pickaxe":4,"minecraft:sandstone":9,"minecraft:mossy_cobblestone":1,"minecraft:crafting_table":11,"minecraft:white_bed":4,"minecraft:iron_pickaxe":246,"minecraft:jungle_stairs":2,"minecraft:gravel":1,"minecraft:chiseled_stone_bricks":1,"minecraft:cobblestone":63,"minecraft:cooked_porkchop":2,"iceandfire:fire_lily":2,"biomesoplenty:fir_log":1},"minecraft:custom":{"minecraft:mob_kills":61,"minecraft:interact_with_crafting_table":37,"minecraft:leave_game":1,"minecraft:time_since_death":21565,"minecraft:climb_one_cm":2655,"minecraft:sprint_one_cm":264599,"minecraft:walk_one_cm":209173,"minecraft:damage_blocked_by_shield":110,"minecraft:drop":16,"minecraft:talked_to_villager":1,"minecraft:play_time":118973,"minecraft:deaths":3,"minecraft:sneak_time":4644,"minecraft:walk_under_water_one_cm":21342,"minecraft:jump":1219,"minecraft:walk_on_water_one_cm":19259,"minecraft:total_world_time":118973,"minecraft:interact_with_furnace":55,"minecraft:sleep_in_bed":4,"minecraft:time_since_rest":21590,"minecraft:damage_taken":2024,"minecraft:damage_dealt":9407,"minecraft:swim_one_cm":47889,"minecraft:fly_one_cm":220995,"minecraft:open_chest":17,"minecraft:crouch_one_cm":8699,"minecraft:fall_one_cm":37087},"minecraft:dropped":{"sophisticatedbackpacks:iron_backpack":1,"minecraft:wheat_seeds":4,"biomesoplenty:fir_sapling":1,"minecraft:gray_wool":1,"minecraft:seagrass":2,"quark:jasper":1,"minecraft:spruce_sapling":3,"minecraft:stone_axe":1,"minecraft:wheat":1,"minecraft:chiseled_stone_bricks":1,"minecraft:acacia_sapling":12,"minecraft:oak_sapling":13,"minecraft:sandstone":1,"minecraft:stone_pickaxe":1,"minecraft:black_wool":1}},"DataVersion":3465}