{
  "iceandfire:iceandfire/root": {
    "criteria": {
      "tick": "2024-05-19 14:42:48 +0000"
    },
    "done": true
  },
  "betterdeserttemples:root": {
    "criteria": {
      "always": "2024-05-19 14:42:48 +0000"
    },
    "done": true
  },
  "betterdungeons:root": {
    "criteria": {
      "always": "2024-05-19 14:42:48 +0000"
    },
    "done": true
  },
  "minecraft:adventure/adventuring_time": {
    "criteria": {
      "minecraft:windswept_hills": "2024-05-19 15:44:49 +0000",
      "minecraft:beach": "2024-05-19 15:22:30 +0000",
      "minecraft:mangrove_swamp": "2024-05-19 14:42:49 +0000",
      "minecraft:sparse_jungle": "2024-05-19 17:29:47 +0000",
      "minecraft:river": "2024-05-19 15:20:08 +0000",
      "minecraft:stony_shore": "2024-05-19 17:29:56 +0000",
      "minecraft:swamp": "2024-05-19 15:46:06 +0000",
      "minecraft:cold_ocean": "2024-05-19 15:23:20 +0000",
      "minecraft:forest": "2024-05-19 15:59:13 +0000",
      "minecraft:deep_cold_ocean": "2024-05-19 19:06:44 +0000",
      "minecraft:ocean": "2024-05-19 15:31:52 +0000",
      "minecraft:jungle": "2024-05-19 17:28:47 +0000",
      "minecraft:old_growth_birch_forest": "2024-05-19 17:30:21 +0000",
      "minecraft:plains": "2024-05-19 15:44:36 +0000"
    },
    "done": false
  },
  "biomesoplenty:biomesoplenty/all_biomes": {
    "criteria": {
      "woodland": "2024-05-19 15:59:06 +0000",
      "shrubland": "2024-05-19 15:39:59 +0000",
      "rocky_shrubland": "2024-05-19 15:37:39 +0000",
      "scrubland": "2024-05-19 16:00:53 +0000",
      "mystic_grove": "2024-05-19 18:51:43 +0000",
      "maple_woods": "2024-05-19 14:45:35 +0000",
      "field": "2024-05-19 15:16:09 +0000",
      "orchard": "2024-05-19 15:55:30 +0000",
      "lavender_forest": "2024-05-19 15:57:01 +0000",
      "coniferous_forest": "2024-05-19 15:14:26 +0000",
      "dune_beach": "2024-05-19 15:39:47 +0000",
      "seasonal_forest": "2024-05-19 15:20:20 +0000",
      "pumpkin_patch": "2024-05-19 14:47:00 +0000",
      "grassland": "2024-05-19 18:32:43 +0000",
      "glowing_grotto": "2024-05-19 18:52:35 +0000"
    },
    "done": false
  },
  "biomesoplenty:biomesoplenty/root": {
    "criteria": {
      "maple_woods": "2024-05-19 14:45:35 +0000"
    },
    "done": true
  },
  "farmersdelight:main/root": {
    "criteria": {
      "seeds": "2024-05-19 15:07:56 +0000"
    },
    "done": true
  },
  "minecraft:story/obtain_armor": {
    "criteria": {
      "iron_chestplate": "2024-05-19 15:08:09 +0000"
    },
    "done": true
  },
  "minecraft:story/iron_tools": {
    "criteria": {
      "iron_pickaxe": "2024-05-19 15:08:15 +0000"
    },
    "done": true
  },
  "minecraft:story/smelt_iron": {
    "criteria": {
      "iron": "2024-05-19 15:08:47 +0000"
    },
    "done": true
  },
  "minecraft:story/mine_diamond": {
    "criteria": {
      "diamond": "2024-05-19 15:09:44 +0000"
    },
    "done": true
  },
  "iceandfire:iceandfire/bestiary": {
    "criteria": {
      "bestiary": "2024-05-19 15:12:54 +0000"
    },
    "done": true
  },
  "iceandfire:iceandfire/lectern": {
    "criteria": {
      "bestiary": "2024-05-19 15:12:55 +0000"
    },
    "done": true
  },
  "minecraft:story/mine_stone": {
    "criteria": {
      "get_stone": "2024-05-19 15:13:34 +0000"
    },
    "done": true
  },
  "minecraft:adventure/root": {
    "criteria": {
      "killed_something": "2024-05-19 15:14:33 +0000"
    },
    "done": true
  },
  "minecraft:adventure/kill_all_mobs": {
    "criteria": {
      "minecraft:skeleton": "2024-05-19 15:14:33 +0000",
      "minecraft:spider": "2024-05-19 16:36:35 +0000",
      "minecraft:creeper": "2024-05-19 19:04:10 +0000",
      "quark:forgotten": "2024-05-19 19:04:55 +0000",
      "minecraft:witch": "2024-05-19 18:52:12 +0000",
      "minecraft:cave_spider": "2024-05-19 18:55:22 +0000",
      "minecraft:enderman": "2024-05-19 17:17:10 +0000",
      "minecraft:zombie": "2024-05-19 15:19:29 +0000",
      "minecraft:drowned": "2024-05-19 16:28:56 +0000",
      "minecraft:zombie_villager": "2024-05-19 18:58:09 +0000"
    },
    "done": false
  },
  "minecraft:adventure/kill_a_mob": {
    "criteria": {
      "minecraft:skeleton": "2024-05-19 15:14:33 +0000"
    },
    "done": true
  },
  "additionaladditions:obtain_glow_stick": {
    "criteria": {
      "obtain": "2024-05-19 15:14:47 +0000"
    },
    "done": true
  },
  "farmersdelight:main/get_fd_seed": {
    "criteria": {
      "tomato_seeds": "2024-05-19 15:14:55 +0000"
    },
    "done": true
  },
  "minecraft:husbandry/balanced_diet": {
    "criteria": {
      "cooked_mutton": "2024-05-19 15:17:40 +0000",
      "cooked_beef": "2024-05-19 15:23:59 +0000",
      "bread": "2024-05-19 19:10:00 +0000",
      "rotten_flesh": "2024-05-19 17:27:07 +0000"
    },
    "done": false
  },
  "minecraft:husbandry/root": {
    "criteria": {
      "consumed_item": "2024-05-19 15:17:40 +0000"
    },
    "done": true
  },
  "minecraft:story/deflect_arrow": {
    "criteria": {
      "deflected_projectile": "2024-05-19 15:20:01 +0000"
    },
    "done": true
  },
  "minecraft:story/root": {
    "criteria": {
      "crafting_table": "2024-05-19 15:30:56 +0000"
    },
    "done": true
  },
  "iceandfire:iceandfire/kill_ghost": {
    "criteria": {
      "killed_fire_dragon": "2024-05-19 15:41:23 +0000"
    },
    "done": true
  },
  "minecraft:adventure/sleep_in_bed": {
    "criteria": {
      "slept_in_bed": "2024-05-19 15:42:53 +0000"
    },
    "done": true
  },
  "minecraft:husbandry/tame_an_animal": {
    "criteria": {
      "tamed_animal": "2024-05-19 15:59:53 +0000"
    },
    "done": true
  },
  "minecraft:adventure/shoot_arrow": {
    "criteria": {
      "shot_arrow": "2024-05-19 16:15:07 +0000"
    },
    "done": true
  },
  "iceandfire:iceandfire/kill_if_dragon": {
    "criteria": {
      "killed_lightning_dragon": "2024-05-19 16:53:23 +0000"
    },
    "done": true
  },
  "iceandfire:iceandfire/jar_pixie": {
    "criteria": {
      "jar": "2024-05-19 17:33:34 +0000"
    },
    "done": true
  },
  "iceandfire:iceandfire/kill_troll": {
    "criteria": {
      "killed_fire_dragon": "2024-05-19 18:53:59 +0000"
    },
    "done": true
  },
  "quark:get_diamond_heart": {
    "criteria": {
      "get_diamond_heart": "2024-05-19 19:00:11 +0000"
    },
    "done": true
  },
  "additionaladditions:obtain_chicken_nugget": {
    "criteria": {
      "obtain": "2024-05-19 19:08:03 +0000"
    },
    "done": true
  },
  "minecraft:nether/obtain_crying_obsidian": {
    "criteria": {
      "crying_obsidian": "2024-05-19 19:25:51 +0000"
    },
    "done": true
  },
  "minecraft:story/form_obsidian": {
    "criteria": {
      "obsidian": "2024-05-19 19:24:52 +0000"
    },
    "done": true
  },
  "DataVersion": 3465
}