{
  "iceandfire:iceandfire/root": {
    "criteria": {
      "tick": "2024-05-19 14:47:19 +0000"
    },
    "done": true
  },
  "betterdeserttemples:root": {
    "criteria": {
      "always": "2024-05-19 14:47:19 +0000"
    },
    "done": true
  },
  "betterdungeons:root": {
    "criteria": {
      "always": "2024-05-19 14:47:19 +0000"
    },
    "done": true
  },
  "minecraft:adventure/adventuring_time": {
    "criteria": {
      "minecraft:windswept_hills": "2024-05-19 15:12:59 +0000",
      "minecraft:mangrove_swamp": "2024-05-19 14:47:20 +0000",
      "minecraft:river": "2024-05-19 14:54:46 +0000",
      "minecraft:swamp": "2024-05-19 15:34:31 +0000",
      "minecraft:forest": "2024-05-19 14:54:56 +0000",
      "minecraft:savanna": "2024-05-19 15:41:03 +0000",
      "minecraft:plains": "2024-05-19 14:54:19 +0000"
    },
    "done": false
  },
  "farmersdelight:main/root": {
    "criteria": {
      "seeds": "2024-05-19 14:55:23 +0000"
    },
    "done": true
  },
  "minecraft:story/root": {
    "criteria": {
      "crafting_table": "2024-05-19 14:57:43 +0000"
    },
    "done": true
  },
  "minecraft:story/mine_stone": {
    "criteria": {
      "get_stone": "2024-05-19 14:58:06 +0000"
    },
    "done": true
  },
  "minecraft:story/upgrade_tools": {
    "criteria": {
      "stone_pickaxe": "2024-05-19 15:00:10 +0000"
    },
    "done": true
  },
  "minecraft:adventure/root": {
    "criteria": {
      "killed_something": "2024-05-19 15:02:43 +0000"
    },
    "done": true
  },
  "biomesoplenty:biomesoplenty/all_biomes": {
    "criteria": {
      "woodland": "2024-05-19 15:06:40 +0000",
      "shrubland": "2024-05-19 15:14:05 +0000",
      "rocky_shrubland": "2024-05-19 15:13:13 +0000",
      "scrubland": "2024-05-19 15:46:39 +0000",
      "old_growth_woodland": "2024-05-19 15:12:28 +0000",
      "orchard": "2024-05-19 18:02:00 +0000",
      "lavender_forest": "2024-05-19 17:55:34 +0000",
      "mediterranean_forest": "2024-05-19 15:46:08 +0000"
    },
    "done": false
  },
  "biomesoplenty:biomesoplenty/root": {
    "criteria": {
      "woodland": "2024-05-19 15:06:40 +0000"
    },
    "done": true
  },
  "minecraft:husbandry/balanced_diet": {
    "criteria": {
      "cooked_porkchop": "2024-05-19 15:09:37 +0000",
      "chicken": "2024-05-19 16:01:45 +0000",
      "cooked_mutton": "2024-05-19 18:05:43 +0000",
      "cooked_beef": "2024-05-19 16:37:36 +0000",
      "porkchop": "2024-05-19 16:08:28 +0000",
      "mutton": "2024-05-19 16:30:23 +0000",
      "cooked_chicken": "2024-05-19 15:45:46 +0000"
    },
    "done": false
  },
  "minecraft:husbandry/root": {
    "criteria": {
      "consumed_item": "2024-05-19 15:09:37 +0000"
    },
    "done": true
  },
  "minecraft:adventure/sleep_in_bed": {
    "criteria": {
      "slept_in_bed": "2024-05-19 15:10:33 +0000"
    },
    "done": true
  },
  "betterdungeons:all_dungeons": {
    "criteria": {
      "in_better_spider_dungeon": "2024-05-19 15:21:53 +0000"
    },
    "done": false
  },
  "betterdungeons:spider_dungeon": {
    "criteria": {
      "in_better_spider_dungeon": "2024-05-19 15:21:53 +0000"
    },
    "done": true
  },
  "minecraft:adventure/kill_all_mobs": {
    "criteria": {
      "minecraft:skeleton": "2024-05-19 16:17:34 +0000",
      "minecraft:spider": "2024-05-19 16:16:43 +0000",
      "minecraft:creeper": "2024-05-19 18:20:30 +0000",
      "minecraft:witch": "2024-05-19 15:35:49 +0000",
      "minecraft:zombie": "2024-05-19 16:19:11 +0000"
    },
    "done": false
  },
  "minecraft:adventure/kill_a_mob": {
    "criteria": {
      "minecraft:witch": "2024-05-19 15:35:49 +0000"
    },
    "done": true
  },
  "minecraft:story/smelt_iron": {
    "criteria": {
      "iron": "2024-05-19 15:51:01 +0000"
    },
    "done": true
  },
  "iceandfire:iceandfire/dragonbone_tool": {
    "criteria": {
      "tool": "2024-05-19 15:52:15 +0000"
    },
    "done": true
  },
  "iceandfire:iceandfire/kill_if_dragon": {
    "criteria": {
      "killed_lightning_dragon": "2024-05-19 16:02:04 +0000"
    },
    "done": true
  },
  "iceandfire:iceandfire/dragonbone_flaming_sword": {
    "criteria": {
      "sword": "2024-05-19 16:05:26 +0000"
    },
    "done": true
  },
  "minecraft:adventure/trade": {
    "criteria": {
      "traded": "2024-05-19 17:06:47 +0000"
    },
    "done": true
  },
  "minecraft:adventure/shoot_arrow": {
    "criteria": {
      "shot_arrow": "2024-05-19 17:28:16 +0000"
    },
    "done": true
  },
  "iceandfire:iceandfire/kill_ghost": {
    "criteria": {
      "killed_fire_dragon": "2024-05-19 17:29:20 +0000"
    },
    "done": true
  },
  "quark:get_all_corundum": {
    "criteria": {
      "red": "2024-05-19 17:53:17 +0000"
    },
    "done": false
  },
  "minecraft:story/deflect_arrow": {
    "criteria": {
      "deflected_projectile": "2024-05-19 17:57:53 +0000"
    },
    "done": true
  },
  "minecraft:story/lava_bucket": {
    "criteria": {
      "lava_bucket": "2024-05-19 18:00:49 +0000"
    },
    "done": true
  },
  "minecraft:story/iron_tools": {
    "criteria": {
      "iron_pickaxe": "2024-05-19 18:08:08 +0000"
    },
    "done": true
  },
  "minecraft:story/mine_diamond": {
    "criteria": {
      "diamond": "2024-05-19 18:35:12 +0000"
    },
    "done": true
  },
  "DataVersion": 3465
}