{
  "iceandfire:iceandfire/bestiary": {
    "criteria": {
      "bestiary": "2024-05-19 02:12:59 +0000"
    },
    "done": true
  },
  "additionaladditions:obtain_chicken_nugget": {
    "criteria": {
      "obtain": "2024-05-19 02:03:26 +0000"
    },
    "done": true
  },
  "iceandfire:iceandfire/root": {
    "criteria": {
      "tick": "2024-05-19 01:09:18 +0000"
    },
    "done": true
  },
  "betterdungeons:all_dungeons": {
    "criteria": {
      "in_better_spider_dungeon": "2024-05-19 01:46:21 +0000"
    },
    "done": false
  },
  "minecraft:husbandry/balanced_diet": {
    "criteria": {
      "cooked_porkchop": "2024-05-19 02:46:04 +0000",
      "cooked_mutton": "2024-05-19 01:22:53 +0000",
      "beef": "2024-05-19 02:35:49 +0000",
      "mutton": "2024-05-19 01:16:29 +0000",
      "cooked_chicken": "2024-05-19 01:44:36 +0000"
    },
    "done": false
  },
  "iceandfire:iceandfire/gorgon_head": {
    "criteria": {
      "bestiary": "2024-05-19 01:42:27 +0000"
    },
    "done": true
  },
  "minecraft:story/obtain_armor": {
    "criteria": {
      "iron_leggings": "2024-05-19 01:27:14 +0000"
    },
    "done": true
  },
  "minecraft:story/mine_stone": {
    "criteria": {
      "get_stone": "2024-05-19 01:18:05 +0000"
    },
    "done": true
  },
  "biomesoplenty:biomesoplenty/all_biomes": {
    "criteria": {
      "shrubland": "2024-05-19 01:13:09 +0000",
      "rocky_shrubland": "2024-05-19 01:31:10 +0000",
      "highland": "2024-05-19 01:17:23 +0000",
      "maple_woods": "2024-05-19 02:47:28 +0000",
      "field": "2024-05-19 02:46:58 +0000",
      "coniferous_forest": "2024-05-19 02:02:45 +0000",
      "crag": "2024-05-19 01:17:08 +0000"
    },
    "done": false
  },
  "minecraft:adventure/sleep_in_bed": {
    "criteria": {
      "slept_in_bed": "2024-05-19 01:25:22 +0000"
    },
    "done": true
  },
  "minecraft:husbandry/root": {
    "criteria": {
      "consumed_item": "2024-05-19 01:16:29 +0000"
    },
    "done": true
  },
  "minecraft:adventure/root": {
    "criteria": {
      "killed_something": "2024-05-19 01:12:09 +0000"
    },
    "done": true
  },
  "farmersdelight:main/root": {
    "criteria": {
      "seeds": "2024-05-19 01:09:44 +0000"
    },
    "done": true
  },
  "minecraft:adventure/kill_all_mobs": {
    "criteria": {
      "minecraft:skeleton": "2024-05-19 01:55:42 +0000",
      "minecraft:spider": "2024-05-19 01:55:15 +0000",
      "minecraft:cave_spider": "2024-05-19 01:48:41 +0000",
      "minecraft:zombie": "2024-05-19 01:17:40 +0000"
    },
    "done": false
  },
  "betterdeserttemples:root": {
    "criteria": {
      "always": "2024-05-19 01:09:18 +0000"
    },
    "done": true
  },
  "minecraft:story/mine_diamond": {
    "criteria": {
      "diamond": "2024-05-19 02:01:21 +0000"
    },
    "done": true
  },
  "minecraft:story/upgrade_tools": {
    "criteria": {
      "stone_pickaxe": "2024-05-19 01:18:19 +0000"
    },
    "done": true
  },
  "betterdungeons:spider_dungeon": {
    "criteria": {
      "in_better_spider_dungeon": "2024-05-19 01:46:21 +0000"
    },
    "done": true
  },
  "minecraft:story/deflect_arrow": {
    "criteria": {
      "deflected_projectile": "2024-05-19 02:39:50 +0000"
    },
    "done": true
  },
  "farmersdelight:main/get_fd_seed": {
    "criteria": {
      "rice": "2024-05-19 02:13:59 +0000"
    },
    "done": true
  },
  "biomesoplenty:biomesoplenty/root": {
    "criteria": {
      "shrubland": "2024-05-19 01:13:09 +0000"
    },
    "done": true
  },
  "minecraft:story/iron_tools": {
    "criteria": {
      "iron_pickaxe": "2024-05-19 01:25:01 +0000"
    },
    "done": true
  },
  "minecraft:story/root": {
    "criteria": {
      "crafting_table": "2024-05-19 01:13:57 +0000"
    },
    "done": true
  },
  "betterdungeons:root": {
    "criteria": {
      "always": "2024-05-19 01:09:18 +0000"
    },
    "done": true
  },
  "minecraft:adventure/kill_a_mob": {
    "criteria": {
      "minecraft:zombie": "2024-05-19 01:17:40 +0000"
    },
    "done": true
  },
  "minecraft:adventure/adventuring_time": {
    "criteria": {
      "minecraft:birch_forest": "2024-05-19 01:45:29 +0000",
      "minecraft:windswept_hills": "2024-05-19 01:29:27 +0000",
      "minecraft:beach": "2024-05-19 01:31:54 +0000",
      "minecraft:mangrove_swamp": "2024-05-19 01:09:19 +0000",
      "minecraft:river": "2024-05-19 01:33:53 +0000",
      "minecraft:swamp": "2024-05-19 01:11:49 +0000",
      "minecraft:forest": "2024-05-19 01:44:47 +0000",
      "minecraft:ocean": "2024-05-19 01:46:50 +0000",
      "minecraft:windswept_savanna": "2024-05-19 01:29:25 +0000",
      "minecraft:plains": "2024-05-19 01:10:10 +0000"
    },
    "done": false
  },
  "minecraft:adventure/shoot_arrow": {
    "criteria": {
      "shot_arrow": "2024-05-19 02:23:54 +0000"
    },
    "done": true
  },
  "iceandfire:iceandfire/kill_cyclops": {
    "criteria": {
      "killed_fire_dragon": "2024-05-19 02:37:12 +0000"
    },
    "done": true
  },
  "minecraft:story/smelt_iron": {
    "criteria": {
      "iron": "2024-05-19 01:23:36 +0000"
    },
    "done": true
  },
  "iceandfire:iceandfire/lectern": {
    "criteria": {
      "bestiary": "2024-05-19 02:12:57 +0000"
    },
    "done": true
  },
  "DataVersion": 3465
}